x1,x2,y
1.178815113587170060e+00,-1.283163990297723211e+00,1.752019365462297085e+00
-1.638891278614781344e+00,3.078886144973473904e-01,-6.826406286522794797e-01
1.316813818713378659e+00,-4.613612392532342454e-01,1.091145120172088756e+00
2.884585190307692670e+00,1.108978431509179963e+00,9.185608344261693148e-01
-1.144085910938343886e-01,-6.472948908350968367e-01,-1.872197251866796197e-01
-9.409319030947838058e-01,1.374298244304249295e+00,2.336423159501046509e-01
-3.685665319222533043e-01,-2.641932620342589910e+00,2.933624056349097398e+00
-6.117344680174117144e-01,1.427972434392214218e+00,6.476523170065258128e-01
-1.905049617279000129e+00,-1.947289463115044805e+00,9.143927497571867624e-01
1.893082430510304448e-01,1.909655225811963675e-01,-2.408203114060510353e-01
8.064057513079263551e-01,2.096590764466737866e+00,2.848046668784463886e+00
1.346731949163811670e+00,6.661410640654974458e-01,1.151267474639424915e+00
1.334660295421329579e+00,-1.062246516880930747e+00,1.633528073433807792e+00
-8.292680662661151558e-01,-1.630420614726266315e+00,7.258009594373987516e-01
-1.237715721667023816e+00,7.858567431269265491e-01,-7.018070460496921292e-01
-2.447370360329548689e+00,-3.977929639228303671e-01,-3.580946653455118756e-01
-4.148234200221372348e-01,-3.788941409816271033e-02,-1.035721594761252362e+00
-4.450182582250321595e-01,-1.126432662165208320e+00,6.115311129344952468e-02
-4.418921582231507550e-01,2.360334978702808506e+00,2.135467116819985023e+00
2.664960109223278195e+00,1.102005530601957162e-02,2.080136656000868833e-01
7.437177107526671271e-01,-2.306289629524225671e+00,3.528455859913131931e+00
-1.096287109078074584e+00,-5.110427282782090685e-01,-5.931006532527178798e-01
2.197854947300195150e+00,-1.497267807620959790e+00,1.775508348502149225e+00
-1.017944144237739046e-01,2.913358713664230493e+00,4.377822193247012272e+00
1.169107155588560154e-01,6.773671545778059411e-01,3.663510821896127645e-01
-2.276228004058057586e+00,1.958044803040999149e+00,1.071301165863471905e+00
6.183607704655642578e-01,2.704080387987897183e-01,4.776759413382983821e-01
-9.434169973541495224e-01,-1.175275265836895455e+00,-2.745870561855617842e-01
-4.978667338517901442e-01,1.087804594756780041e+00,2.086620577145993916e-01
2.252741050771049913e+00,6.253402486806702854e-02,9.083346526077307193e-01
1.015882697773633936e+00,5.156193153732773204e-01,1.030577831338832295e+00
7.494210125735989436e-01,1.048134305926948784e+00,8.204642332940874638e-01
2.054054625721543736e+00,-2.500830070005367389e+00,4.071832853189758517e+00
1.582097048660028982e+00,-1.538001752778755948e+00,2.295740156105221974e+00
-1.834662236527374812e+00,4.347417449488384378e-01,-1.004729837629977141e+00
-2.425724900325677336e+00,2.311960957650837756e+00,2.024959439029419883e+00
7.634938323076125855e-01,1.340498149139728312e+00,1.217140474712764986e+00
-2.903224759829899249e+00,5.665912766702549952e-01,-3.215979587049060395e-01
3.407111543657324049e-01,-2.046242135131663531e+00,2.362863819997531145e+00
-2.081576909251361407e+00,1.173177172625464948e+00,-2.461410688228522770e-01
-1.087401441708741867e+00,1.151821773190917497e+00,-1.517395541943361015e-01
3.262994983066325183e-01,-6.662965552611321840e-01,3.051304588875304313e-01
2.550794937683916075e+00,2.050019981476297382e+00,2.590073449720601051e+00
-8.556145999009423520e-01,-2.738451217205756905e+00,2.896627492998064657e+00
-1.171391559533415228e+00,-6.108859084921141047e-01,-6.290997339756825291e-01
1.229752982708173015e+00,2.972150892204104444e+00,5.643455227368674443e+00
-8.645108056952426345e-01,1.575286882712602754e+00,8.241705838608769374e-01
5.590614993733269422e-01,1.150210792201062482e+00,8.781952385366149638e-01
-2.093235285911518417e+00,-6.067422436430609523e-01,-6.921394926573676276e-01
-1.554864613658253125e+00,-9.392639157100504121e-01,-7.812706033140548456e-01
7.876892519401312853e-02,9.997473009844295433e-01,5.654858388703634109e-01
-2.364549089659116810e+00,-2.214630296015515754e+00,1.835702951611504652e+00
-1.068116361190151631e+00,9.693860199974624337e-01,-3.901417603592226557e-01
2.079037351624332786e+00,3.195440687802806323e-01,9.148537149138564750e-01
2.126714925147028978e+00,-6.909731323454333385e-01,1.384745802272647319e+00
-1.099272617289721587e+00,-8.744119464499289229e-01,-3.643811819639135585e-01
-1.973509024769405595e+00,1.974675807011342599e+00,9.751401470579736941e-01
-9.679749245140403247e-01,3.142204517644389128e-01,-7.695297301665250389e-01
4.713088086529975129e-01,1.291983563839940174e-01,6.365784584477557351e-01
-2.983871612554075625e+00,2.930072515696920732e+00,4.257552630456231668e+00
2.432049453969659325e+00,-1.754184832822053064e+00,2.105054276143895731e+00
-1.245063523245451220e+00,1.200609184349006320e-01,-1.295257737532408360e+00
2.411468235964023599e+00,2.901785309470339413e+00,4.640209835246295711e+00
-1.454747615075501432e+00,3.861542575486902606e-01,-8.895205015593107278e-01
1.841812104823074669e+00,-6.337796762833511899e-01,8.070324277670106738e-01
1.386438215067342661e+00,-2.033585913424710956e+00,3.020311055286211577e+00
6.041914070015392824e-01,2.195186749819587391e+00,2.886805419013493967e+00
2.901129655221333259e+00,-2.523805257731905449e+00,3.622799378917834545e+00
-4.299163517943043189e-01,-1.772742842721433787e+00,8.909050608980708663e-01
-2.961810568875913319e-01,2.865814357731242268e-01,-6.371590209606721178e-01
-2.440039737781075413e+00,-1.218835347115923229e+00,1.344700786407887483e-02
2.565505440912884794e+00,4.140223885811717963e-01,7.574067450405194135e-01
-2.555280148583283228e-01,1.521155944788687542e+00,1.118185109922803955e+00
1.451172911052223569e+00,-2.708525802934387272e+00,4.479044256456244710e+00
1.252184372656476086e+00,2.035460086830501503e+00,3.115272768381962987e+00
-2.004372694758276729e+00,1.685987627999743665e+00,2.915219948763713154e-01
-1.280780299625388530e+00,-1.161181480022656309e+00,-4.338335707249294515e-01
9.915687920980982284e-01,-2.331646970353705495e+00,3.668693472175216908e+00
9.892346928197657263e-01,2.327140756057335835e+00,3.687027975285269932e+00
1.177867609412437844e+00,-3.580327400075455913e-01,7.880092019851050456e-01
-3.707136937366515284e-01,1.590576571435839526e+00,9.976658433881379073e-01
3.938520073552966849e-01,-2.490575020849094656e+00,3.111530346795782442e+00
4.960265271684276556e-01,1.889062217360457652e+00,2.219680961712426459e+00
-9.776016993143401557e-01,2.565459477452336934e+00,2.234782484197970653e+00
1.504302002059007215e+00,4.443829508997865219e-01,9.349883023221855494e-01
1.509863932757510518e+00,-2.525106235570768742e+00,3.931009475994424740e+00
2.156334454083668639e+00,1.929024679203347858e+00,2.804708197186912777e+00
2.459229957661253074e+00,-2.228212814943719700e+00,3.223869503567097450e+00
-2.509319477436088519e+00,-2.169506563310461544e+00,1.624159251985193286e+00
-6.037277393831992356e-01,-4.541588335140485100e-01,-3.894685948845340584e-01
3.733102723854337945e-01,-2.266538702204969447e+00,2.985553057446740599e+00
-1.791602991711774839e+00,1.869866089704129486e+00,7.467881521893451335e-01
-1.920745556595035985e-01,1.847629256901661243e+00,1.947605265840915090e+00
-2.955441728732322026e+00,3.095563558944327553e-01,-3.053408519027438484e-01
2.591592888460068522e+00,4.930527548752206002e-01,6.470985563856251899e-01
-1.763425635328355057e+00,1.306545373677344912e+00,-2.044512720805200523e-01
-7.260849018064936544e-01,1.010303683556759147e+00,-2.279463370418827739e-01
-2.824081662637372148e+00,8.154021561081368219e-01,5.211980579499399246e-02
-2.806812390372456001e+00,1.468683930850595232e+00,6.910754640760152778e-01
-1.625219865692693055e-01,-2.269473867161678093e+00,2.241362993586827113e+00
2.558155547310354549e-01,-2.599353340649972033e+00,3.656198901403843404e+00
9.201892281182439959e-01,2.976517964206952804e+00,5.462012168973901183e+00
1.616384022443773993e+00,4.426446819529470389e-01,1.285481494177941109e+00
-2.384188444735224621e+00,1.199004448637488451e+00,7.237712830341558323e-02
9.670072039675865483e-01,-2.705417216263342084e+00,4.335751989760285419e+00
1.753795811067544008e+00,1.122995453430308821e-01,1.026893785454283892e+00
-4.447938348004853992e-01,1.729123041608793265e+00,1.281590066934208627e+00
-5.305846607469772991e-01,-1.138423469690788004e-01,-2.613198117525699637e-01
-1.910226943957052281e+00,-1.072086602961427992e+00,-2.963221404880012066e-01
2.073197979375412281e+00,-1.878577506439707889e+00,2.568083902314247879e+00
-4.962536345799355431e-01,2.934207044371796691e+00,3.788100502827796756e+00
-1.580401129766883850e+00,2.500993997632973809e+00,2.281940799331245717e+00
2.510384806833798166e+00,-2.452221946780789086e+00,3.734085782470802695e+00
-2.180836506869039404e-01,1.329801193672253135e-02,-5.678105669731837724e-01
-1.117986299687235174e+00,-2.715962776573578097e+00,2.920729130882040891e+00
-1.549886176527613069e+00,-2.426822150667834244e+00,2.087209152718568550e+00
-1.570500565725529318e+00,1.846746517740935900e+00,5.277981091303864947e-01
2.369869727316070041e+00,-2.740662647522118966e+00,4.299990762457248650e+00
-1.188318982423685943e+00,2.883493191565725589e+00,3.078090784215218534e+00
2.370289353224119822e-01,7.578561702591377625e-01,3.859361004946146867e-01
-2.966727549558572541e+00,-9.054333934464420253e-02,-4.532261696584415911e-01
2.929971207734324956e+00,-7.488868351032111903e-01,5.530795811007511720e-01
-2.417771048166832415e+00,-2.285474305893098190e-01,-7.932798705272814388e-01
2.778026795953548955e+00,-9.490163186099014325e-01,7.918484806727275060e-01
1.793536399290078798e+00,1.793077987278371310e+00,2.483346399196943999e+00
-1.750510219566380199e+00,-3.397937891927291787e-01,-8.751294603087669266e-01
1.293607650925828523e+00,-5.368812875164330478e-01,9.038259159499827389e-01
-1.853958267777473301e+00,2.804965840838510971e+00,3.022792943848913172e+00
9.045021988577603977e-01,2.192759109137396578e+00,3.268170031478966120e+00
-2.848545853202137934e+00,-1.398565111253191606e+00,8.546406310930720895e-01
1.242660196045708432e-02,-2.595308189219689865e+00,3.773792398536234494e+00
2.958199566568750605e+00,-1.581225622811826659e+00,1.014083684766152960e+00
-7.542469059273120280e-01,-1.715928510549922459e+00,8.515281761378040715e-01
-2.367324803367295338e+00,-1.605121286374585399e+00,4.471817790118939873e-01
-1.196339186980771796e+00,8.066536073966350529e-01,-9.903730329860153114e-01
-1.312591311282549134e+00,-8.263394341405425614e-01,-4.571053217812423020e-01
-2.964342937658821064e+00,-8.056852444358124643e-01,4.146812832224527345e-01
2.033158901897675896e-01,-2.027904977696814548e+00,2.179791782978104386e+00
5.845986501622499887e-01,-1.241085188236923820e+00,1.364194209129147461e+00
7.923029688103673251e-01,-2.842820368494937355e+00,4.739970796789094720e+00
2.325560762806649251e+00,-2.903288217459756737e+00,5.029813722746012239e+00
-2.238251813784231992e+00,1.662974769423612997e+00,7.734504579987808714e-01
-2.724628606786976270e+00,1.265992161573060493e+00,4.653690608555876018e-01
2.826276843060773203e+00,2.230097598853843621e+00,2.865938363378925047e+00
1.260969907924191169e+00,2.751058458130001050e+00,4.988495136559598642e+00
-4.211199726805086030e-01,2.237273485930844075e+00,2.060981049210298455e+00
-8.642539921583125562e-01,2.578581917423080405e+00,2.748544105412209060e+00
-2.107334062547378650e+00,2.640174089569640614e+00,2.461375915498653200e+00
1.996297183699276445e+00,2.076329029178785035e+00,3.387820213030400485e+00
-2.256461940456333970e+00,5.789213900504215360e-01,-4.588576933699089477e-01
-2.901645114744411558e+00,1.327106196303640573e+00,5.622018527670933352e-01
-2.953574915244576271e+00,-2.491066335328598225e+00,2.492884178221882685e+00
-1.647009537299858328e+00,2.250747203239347627e+00,1.535772164263045525e+00
-8.185420920743196049e-01,2.397596112753506148e-01,-9.377699835053071586e-01
4.086192829138708404e-01,-1.647219838164240446e+00,1.813936182303214739e+00
4.328806079067670787e-01,9.657107701776190822e-01,1.176019853536839799e+00
-1.210527640096023205e+00,-4.882388461198443608e-01,-7.846015945063352648e-01
-2.814664527232197955e-01,2.594103969252489428e+00,3.051320485506284097e+00
5.249624848770144681e-01,2.689514229708847459e+00,4.186365018289373019e+00
3.362085225908812980e-01,3.368525094606944492e-03,3.870459834048890491e-01
-2.978806734202509965e+00,-1.146657367502275093e-01,-6.280666265216244826e-01
2.564729991375910956e+00,-1.809805865839685168e+00,2.231282986979636007e+00
-2.687453193663007056e+00,-5.593266391567888185e-01,-1.582105457142175542e-01
-7.656211164353279308e-01,2.142918347227461773e+00,1.551196267195950718e+00
-2.840333306640242750e+00,2.520895378554029342e+00,3.076445498339734907e+00
1.085417993969738149e+00,2.425355964385305541e+00,3.800139365945786718e+00
6.451744249238329232e-01,1.871719874616745827e+00,2.506405209297617009e+00
-9.867367587642830173e-01,-9.026026318346414001e-01,2.773575381931181472e-02
-6.607546180302454886e-01,1.528782489436699699e+00,5.355969044695334524e-01
-7.842529534281132975e-01,-1.546681161046396413e+00,1.013883418432079964e-01
2.626010140743574972e+00,2.448066501978240161e+00,3.422238176373254781e+00
-9.072161034780537037e-01,8.078284215482840480e-01,-8.066766995104424076e-01
-1.356946730081545427e+00,-1.763309227718585559e+00,6.996560983101455244e-01
-9.819628260192336811e-01,-1.037400644306992747e+00,-3.161886510483996604e-02
2.293656607179697104e+00,1.933822888342351831e+00,2.758928045415283581e+00
1.257739371354587021e+00,2.756071351553381454e+00,4.813422860891782840e+00
-4.647398813516510074e-01,-1.529801768665942419e+00,5.929713475815527879e-01
-2.295609376851064809e+00,-1.193679850792801034e+00,2.789423602685883741e-01
-2.128417596177277105e+00,-2.446883415789780081e+00,2.295758205974738786e+00
6.175931802415393079e-01,-8.148753014613188128e-01,9.679794105857696396e-01
3.874220555768612684e-01,-1.851985675676660392e+00,2.133700325549573229e+00
1.061435157916563732e+00,-1.706967316346041263e+00,2.352250373623761437e+00
-1.331858437535783590e+00,1.450562532869261290e+00,1.709192222297415409e-01
3.584273738682712818e-01,-9.909815227978846508e-01,7.191587359173895466e-01
2.579326952711613608e-01,1.163908217149455027e+00,1.237473337169522791e+00
2.472792728865774059e+00,4.842792803667235191e-01,7.677760563654324466e-01
-1.603881726642714556e+00,1.480185784658979209e+00,2.160331405642593738e-01
1.666614105328244833e+00,-1.797592110224075945e+00,2.524368229570598920e+00
1.923445318067315668e+00,-2.103908716630411568e-01,1.035576950904744109e+00
1.678599972533671547e+00,-1.575130680070404576e+00,1.778362656782659812e+00
-1.004518381693941587e+00,2.722182715749916326e+00,2.637575914348788242e+00
9.468904388988299559e-01,1.637266983009251220e+00,2.145641752180272199e+00
1.130246059323773977e+00,-1.774175292909403678e+00,2.213871508596434001e+00
-1.758675093207440199e-01,1.853783236270710510e+00,2.031176624889343696e+00
1.050210761456231268e+00,-2.963832686080212220e+00,4.926063907883078130e+00
-2.475553544083063162e+00,-9.192316787186438631e-01,-1.262029027719058227e-01
2.666193237711540931e+00,-5.285711415249894074e-02,7.902451762757437548e-01
-1.378942395417997568e+00,-8.374576832777407276e-01,-5.347273187597441080e-01
-1.736084234675620674e+00,-4.727996569799239879e-01,-9.366467777800137062e-01
-1.691787362703152553e+00,2.074515043817566351e+00,1.048688007513475018e+00
-2.623764057506230429e-01,-1.321187889385378567e+00,7.480434587575341965e-01
2.597349888848889954e+00,-1.113891878224819498e+00,9.780938313780869198e-01
2.458287972260028376e+00,-2.739491454178337726e+00,4.359868707688242750e+00
1.242690361606056726e+00,-9.666576579224184229e-02,1.089566251318795809e+00
-3.346736320321186398e-01,-2.782059933888110237e+00,3.479892005461320714e+00
-2.755900857051713171e+00,-1.003478297628354277e+00,1.447861461677133754e-01
2.682717239444599500e+00,7.059598626881466998e-01,6.313125438384942223e-01
-7.867509499144387242e-01,6.718622343294331500e-01,-6.763227881430626809e-01
-1.763210782288634926e+00,-2.009601343031775400e+00,1.275533494080454577e+00
-8.290964068118498176e-01,2.180120109242590587e+00,1.917753836678585122e+00
5.641036410134292467e-02,-1.218590903658866686e+00,7.355223558095218550e-01
2.701509750414904154e+00,1.895796538002358922e+00,2.169921495402701517e+00
-1.062156343185442831e+00,2.832589471367954026e+00,3.102794059491436940e+00
2.924106586982344602e+00,-5.480391975253318115e-01,4.737097306265910523e-01
9.355386173308488651e-01,-5.660808092926314927e-01,7.840824905581562643e-01
-1.455911365556573411e+00,-2.504083944000790485e+00,2.124105160132884418e+00
-1.418337923293008229e+00,-1.371120878941528565e+00,4.177332230610557307e-03
-6.081655219011627977e-01,-1.890683813848148098e+00,1.344388201182784570e+00
2.722910419886858335e+00,-2.382720687713054453e+00,2.689068344388047649e+00
7.512511988328092194e-01,-3.498156717226761359e-01,8.244198584961135445e-01
-4.588917061404425013e-01,-7.680493024543233460e-01,-7.883552714977896947e-02
2.209888261034675061e+00,-1.317138116119141777e+00,1.871609775651683627e+00
-2.876543055638260071e+00,2.508582095754640306e+00,2.779282128087786408e+00
2.186881665441632983e+00,-1.338589259723982572e+00,1.608386732649179418e+00
1.409252899501103329e-01,-2.345470816414097825e+00,3.131579284346561298e+00
-2.439437587433545218e+00,2.024796650602254111e+00,1.091404921413479556e+00
-5.384056945846018571e-01,9.702992412138424783e-01,2.837904778072807832e-01
2.659203350862917148e+00,-1.529216450631226687e+00,2.144327523104569977e+00
-2.921041012254831593e+00,-2.855109565297365481e+00,3.952547716646459985e+00
1.256314154419031937e+00,2.547311308760868975e+00,4.358173829544067956e+00
-1.960183619227739982e-01,-7.493451114148879100e-01,-2.119227893261594053e-01
2.571625480644255113e-01,2.153501025488644416e+00,2.434208811614239298e+00
9.129232427576492448e-01,-1.602120619907362320e+00,2.286262241462750922e+00
1.647481227123441805e+00,-2.192319015981180286e+00,3.472555556942425792e+00
-2.006640175627723011e+00,6.760936968539379421e-01,-7.142482619263705867e-01
-1.567299563144213037e+00,1.228671285333183150e+00,-1.986034961591581216e-01
-9.028888356482598354e-01,-1.335456239955687963e+00,2.079976136916000251e-01
2.993510435836785888e+00,-2.756303252649242808e+00,3.887526281273020690e+00
8.749351300986729640e-01,-2.767802489926533660e+00,4.592078041844576575e+00
1.561261547514024350e+00,-1.619460255010254812e+00,2.304018828155559362e+00
-2.461008797565815698e+00,8.906982714542865942e-01,-4.430309982310092209e-01
1.395607303757570250e+00,1.068571889513063589e+00,1.620335477984721884e+00
-2.688594317194756833e+00,-1.234158326675063089e+00,6.846271523617757371e-01
-2.934699226807495620e-01,-1.277380261647021120e+00,8.729670633528334722e-01
1.863080737622224703e+00,-2.213309369083818812e+00,3.111677465876002469e+00
6.730761701435508115e-01,2.929289661764721053e+00,5.027889419138606542e+00
2.415339231593213398e+00,-1.667057625089408468e+00,2.188714426008196323e+00
-2.999508674317993950e+00,2.883584052371933382e+00,3.933820001236521868e+00
2.296277908184265470e+00,2.516834797965675108e+00,3.722568674677444456e+00
-5.069786949742001170e-01,1.467692772940385915e+00,3.273599796176507315e-01
-1.723011008585105586e+00,-6.461755734964347297e-01,-8.686070153052913856e-01
2.109288308323051808e+00,-2.234326654691875191e+00,3.424592659631223945e+00
2.363192207241834097e+00,-2.095216574932123876e-02,6.707492371153672694e-01
-4.434260677645536219e-01,-1.166121671441289642e+00,1.286965589632562135e-01
2.501092711636657029e+00,1.057407645677344021e-01,3.533555964088940793e-01
1.824158210000866198e+00,2.145910723686194288e+00,3.340684873310798775e+00
2.534294127549221010e+00,-1.179715595801542838e+00,1.479824047519143093e+00
-9.611348757339319704e-01,5.704432580856892976e-01,-8.425235535996540293e-01
-3.520551872431729734e-01,2.597055195718452225e+00,3.117205968886135103e+00
-6.146156901990815768e-01,-1.333317097487380920e-01,-9.436509620155066891e-01
7.031165313196074962e-01,-5.715630841575150001e-01,6.784471672420873123e-01
2.954870615550639457e+00,-2.406892292646081621e+00,3.228124991668988919e+00
-1.676380093156786044e+00,-1.064069213258098889e+00,-6.518630069752379130e-01
-2.113662938162279126e+00,-1.294684592810667612e+00,-1.390145787448240355e-01
1.675471757156882013e+00,1.373520053113068684e-01,1.287552679958973822e+00
-2.796278183230680003e+00,2.895735511123133321e+00,3.707580678283227904e+00
6.960388653998812458e-01,-2.646363128381874041e+00,3.972012938022182027e+00
9.670126307818831535e-01,-7.297837758285963261e-01,1.204655128757434968e+00
-2.185960217249566462e+00,3.819875573951567738e-01,-3.527749183039847747e-01
1.362479703019982225e+00,1.026759626820730631e+00,1.457564121423474912e+00
-1.514921078997861548e+00,1.491973287174461760e-01,-8.335622909190523178e-01
2.259806644252160268e-01,1.300820184792220502e+00,1.339282613204681560e+00
-8.407959063535983546e-01,1.786395571145635408e+00,9.155408789152154059e-01
7.675310933735999264e-01,-2.770010357888768038e+00,4.476855775542103011e+00
2.788741300145094471e-01,2.171472572590619876e+00,2.457654669200011188e+00
4.054449753316875515e-01,-1.945030407265829542e+00,2.000957149652987432e+00
6.225822208550368941e-02,1.541675019175807293e+00,1.472939291569571818e+00
-2.339368821327596937e+00,1.902594472441429652e+00,1.127220617767111577e+00
-1.995110153021633526e+00,2.044589532963865253e-01,-6.238595218881214377e-01
-6.855391053796946466e-01,-1.508257394931865614e+00,7.021148349210158957e-01
8.845950780523939017e-01,-2.775647347365363782e+00,4.502373485335175118e+00
1.560274840461870482e+00,1.616438324062254850e-01,7.756316739707043162e-01
2.254627263263117243e+00,1.243099195280992220e-01,8.654185472998003892e-01
-2.789800988795711145e+00,-2.138394186707147870e+00,1.815283174791671339e+00
1.773627531844963912e+00,-4.814370685231139646e-02,1.055996913466916043e+00
-3.487243712048484490e-01,-1.089391311735039114e+00,1.054570895976270906e-01
-1.292704810397217408e+00,2.795317874938523239e+00,2.773074852351884889e+00
-4.021840152994347051e-01,2.304018196050101608e+00,2.234622738692130461e+00
8.889787392346457651e-01,2.150565877641959389e+00,3.275715469718535999e+00
2.114697268643925376e+00,2.737872166738208435e+00,4.664976525590008194e+00
1.187653417218564655e+00,1.832381612366196677e+00,2.841980497788162641e+00
1.398767372415488985e+00,6.313610156746829460e-01,9.378355006668932514e-01
1.304124803350390494e+00,1.294502468548997420e+00,1.591106257607025398e+00
-2.754553241782214279e+00,9.666501318901499218e-02,-3.906091555361458911e-01
1.755908164358847223e+00,-1.542226880939975953e+00,2.605287825156497927e+00
-2.091120811559195047e-01,-3.900857342376298220e-01,3.349257034271940769e-03
-5.832769842945362271e-01,-2.268962833395531398e+00,1.810011556912908270e+00
1.542692476208871177e-01,-3.225098083780109093e-01,1.904362640177548749e-01
9.803565436658443488e-01,2.964783526947094572e-01,9.187885855292623472e-01
-2.834742422087080715e+00,-2.808492074365491753e+00,3.528019218897132880e+00
1.208158806109396188e+00,1.245486711356136311e+00,1.833238011183186744e+00
2.759634802346800697e+00,2.260228089022867870e+00,2.895764224131005982e+00
-1.916419956764645605e-01,7.554390701110129669e-01,3.500686431877392257e-02
-2.569096338224041709e-01,-1.662322579993482430e+00,1.379616707278872756e+00
-7.399380164619433486e-01,-2.376694605212002820e+00,1.808164305350994594e+00
9.991627139699552629e-01,-1.847819137716194771e+00,2.355875016830506929e+00
-1.471932750533024858e-01,2.804619618128264769e+00,3.622821465854886736e+00
-2.809986416111476260e+00,-2.089620299662727110e+00,1.688158105987057178e+00
-1.208524893769691744e+00,2.650841786497526442e+00,2.432636236759549764e+00
2.453050776769983621e+00,-2.027994955128236132e+00,2.789488894841201549e+00
2.886706639664867069e+00,1.504485150776525337e+00,1.603179456990459606e+00
2.398624975955865324e-01,2.590217297768916183e+00,3.775390139835234748e+00
2.283642853059557609e+00,-6.521010448964568162e-01,7.652088052267604912e-01
9.380591758765901567e-01,8.843108734400617621e-01,1.175931186071496271e+00
-1.038190885062212354e+00,-1.923658952072004658e+00,1.079197918804277512e+00
-1.991407352281280296e-01,-1.420313782160045335e+00,8.588190894820616483e-01
-8.696092418015846093e-01,2.724863813390758338e+00,3.209513973246477025e+00
-2.331727768069837836e-01,1.109348792859538690e+00,2.491949279609596279e-01
-9.826206313940764048e-01,2.975166470704632360e+00,3.625117380633776420e+00
9.526056362500030517e-01,-1.823943205526496802e+00,2.399666661854406691e+00
-2.410896008271198099e+00,2.659083427062498117e+00,2.918188744457297368e+00
2.668666993263764553e+00,7.279702525675872948e-01,5.046837311643177504e-01
-2.898051003922540669e+00,-1.646790694341072392e+00,9.290309840258920149e-01
1.807660704711154587e+00,2.252758975878223602e+00,3.363517873822989834e+00
-2.760611135240775837e-01,-8.068762903353325910e-01,-5.977721456019824409e-02
-1.354649931251728612e+00,-2.298176917401749897e+00,1.973662053228400604e+00
-2.305532784305418303e+00,2.715616190447783573e+00,3.180358573923256049e+00
1.851756688353001223e+00,-2.011323836463041914e+00,2.940971447241784276e+00
-1.757699700696401690e+00,9.333093039625608434e-01,-5.124645640309882788e-01
1.587985291101785101e+00,1.861889071562686127e+00,2.414280527170564294e+00
-2.019973851981702762e+00,2.904769728142182927e+00,3.282180571506931432e+00
-1.633187605109841067e+00,5.364925987841839827e-01,-8.222191985462570241e-01
5.256945319128600858e-01,2.804171313856080872e+00,4.662639100238613388e+00
9.460046584509482770e-01,5.094255979289736835e-01,1.006203160037055788e+00
1.126354719838604801e-01,1.587945228585180502e+00,1.459760496258384777e+00
-2.363668436474249734e+00,-2.987448592900635358e+00,3.820174922627304070e+00
2.714933206736781734e+00,-8.053922998885632012e-03,4.676647044632896155e-01
-1.029987726987655394e+00,-7.916804395013659068e-01,-8.232655467884550937e-01
1.823059896713555617e+00,-7.057787254874900995e-01,1.134060194805404320e+00
1.621015043962157343e+00,-3.572279874728758742e-01,1.349522582429290019e+00
2.064464776502648036e+00,-2.542775615703885439e+00,4.278233662510687374e+00
-1.132300345191818991e-01,-1.989017387196678754e-01,5.639615549124010752e-03
-1.414032124127652779e+00,2.661688469667945256e+00,2.567898181042477912e+00
2.430170747154304145e+00,-3.384221883245550622e-01,8.420644992699132247e-01
-2.417042365707184892e+00,-1.759301106619743260e+00,6.957935437279698654e-01
-1.371048981219250118e+00,-9.468135887136508444e-02,-1.291646373789092417e+00
-9.697373326876310706e-01,1.644816418802899527e+00,4.515560161593104582e-01
-1.438403541894981430e-01,2.222223026660721246e+00,2.433377345220964827e+00
2.974690500811682625e+00,-1.680984299992276831e+00,1.600548435990402973e+00
6.700282630506166903e-01,2.085013863168860837e+00,2.997441280552111120e+00
2.671419809670505074e+00,-1.259481449709716649e+00,1.316477245164090704e+00
1.362256463678277463e+00,-2.909903109497425255e+00,5.221070744598091729e+00
2.274854630337200589e+00,-2.616368705312352105e+00,4.450411057010078331e+00
1.400372392018914169e+00,2.967662321205954967e+00,5.615497938109720977e+00
7.138684756075708293e-03,-1.743996055599783324e+00,1.508281484853938093e+00
5.678614973191482562e-01,7.448998784273443974e-01,5.946583509306851978e-01
1.008436423971883045e+00,-1.964329546962593431e+00,2.593822191212323602e+00
2.392276154594448201e+00,7.259482050028713829e-01,9.123486612801001705e-01
-2.738587772683578780e+00,1.104246388242037469e+00,1.441335075923485531e-01
-1.823495720226000483e+00,-2.835955312083273228e+00,3.384632680240521108e+00
3.057196513995323883e-01,1.879881831485978871e+00,1.731930555070344102e+00
2.159646889695881811e+00,-2.378874449105054190e+00,3.648249896962423744e+00
9.782567141008575717e-01,1.260451346747819557e+00,1.410648560752659098e+00
-1.232898035571063255e+00,2.828183992108520783e+00,3.079219244789069609e+00
-1.327875179591718968e+00,-2.580106863690722285e+00,2.434289213392789808e+00
1.156821668569580908e-01,1.165889317058146801e+00,7.140938775724368082e-01
-1.532041277624189846e+00,-9.685067866202583531e-01,-4.241501364705184129e-01
3.817678981894179202e-01,2.320068994737061630e+00,3.024196355505295308e+00
1.483955435624486618e+00,-1.742448245311315924e+00,2.478415520116719062e+00
-1.489337575673381986e+00,1.432841350049613993e-01,-1.069996643531916147e+00
1.613752169789185231e+00,7.125706691564213102e-01,1.383120876650741682e+00
7.945597805494308830e-03,5.827520390414528961e-01,2.054457764462185865e-01
1.536360174777963827e+00,2.224787628020648000e-01,1.338803460213545238e+00
2.386516465224222117e+00,2.682404942941668757e+00,4.536997266810857354e+00
2.492127039752950246e+00,1.527110040360131649e+00,1.881548362376999295e+00
-1.522073976052663147e+00,-6.883713239466739964e-01,-1.193774090456404480e+00
-1.320000293601895969e+00,9.459614463546288654e-01,-8.181593063964635038e-01
-1.054670253349884623e+00,1.526349629426016818e+00,4.923841699649403880e-01
-2.318945529544305550e+00,1.652188577056149299e+00,5.367866450575050630e-01
5.154118479200122671e-01,2.012332122879000984e+00,2.564602273422905476e+00
-4.147460872157289202e-01,7.497867192531204594e-01,-2.479625754738503940e-01
3.264727893930849945e-01,2.854027598118488385e+00,4.497018220497236207e+00
1.532846348508660306e+00,2.688794964456993064e-01,1.227026066617339595e+00
-1.955807456767677754e+00,2.424685301100799606e+00,1.770829604117203360e+00
-1.764973303900138735e+00,9.002595407409401673e-01,-7.386874763115636178e-01
2.618831117848166024e+00,-1.658522218729851172e+00,1.541877046201088008e+00
-1.644458755581508225e+00,2.110913462532148621e+00,1.277371135647192624e+00
1.965930155813308211e+00,-8.897798821337721265e-01,9.857430927545867139e-01
-1.409422267908930770e+00,-2.235669166429424148e+00,1.438884532995949650e+00
2.927616618600866083e+00,2.012058605281598744e+00,2.340459071833872695e+00
2.396349629634221046e+00,8.207595606244266762e-02,1.093137252619735156e+00
-2.313691006282356355e+00,-2.684517969298144457e+00,2.940488412005232810e+00
-1.016507383110303753e+00,2.521982597921039293e+00,2.580500148758815726e+00
2.685491010824682334e+00,2.046983194614815815e+00,2.587353477728867812e+00
-2.047925139176755671e+00,-4.804609733335252209e-01,-7.110470642178068346e-01
-1.522542487799243061e+00,-1.767901351629808548e+00,5.217170055990492106e-01
1.108955100663898463e+00,-8.332999368140070473e-02,8.220514876152894557e-01
-1.050542130145045494e+00,-2.398713225991070175e+00,2.244095354205664528e+00
2.685802259497758193e-01,-9.178490815986179996e-01,7.615211702672065597e-01
-6.534251630972431890e-01,-1.136947549231762666e+00,1.056745665173338955e-01
-6.768287704828965801e-01,3.351575074663553089e-01,-6.917937794871232837e-01
-2.915137166417742343e+00,2.085881971340865171e+00,1.881918527266709384e+00
2.531519169773436495e+00,3.031781427522179939e-01,1.032384279135296401e+00
-1.391873299292303079e+00,2.941434001284473965e+00,3.328480693758108178e+00
-7.008358199614894701e-01,1.161932365742981865e+00,2.954202906917771654e-01
1.139715283470416729e+00,-3.941456120449799982e-01,8.821396027113830307e-01
-1.805051055999464582e+00,2.799476255324348628e+00,3.106154884059579402e+00
-2.617854844080775401e+00,-8.910367306171984580e-02,-4.381915500200076474e-01
-1.675615741258324132e+00,-1.236155206633131387e+00,-3.112142468169752929e-01
1.971163933167183302e+00,-7.964066221024945769e-01,1.367762112681708109e+00
-2.499910381746912602e+00,-1.822145969268088583e+00,7.528752460896122045e-01
2.162240461591087737e+00,2.862173100361021127e+00,5.041078066592589835e+00
-1.392107036301757805e+00,1.052453926219135916e+00,-2.728672255938209279e-01
-2.512806015001255666e+00,1.340793550988089500e+00,3.653144157062365727e-01
-5.013803255972453243e-01,2.508959509727350934e+00,2.928987218857381336e+00
-1.130782980279957384e+00,2.648801984433150736e+00,2.589709907097836439e+00
1.948456249502772408e-02,-9.066424557975043541e-01,4.006557640356968042e-01
8.821175708202515509e-01,-1.501522780133243584e+00,1.970379597975972397e+00
-1.621418415902909249e+00,-1.821921332251430492e+00,8.345209453559090385e-01
2.759397382954862366e+00,-4.251763428855959148e-02,4.878302217108985706e-01
1.509689777189960225e+00,-1.560487120160303220e-01,9.649865610052005271e-01
5.252409604027015178e-01,5.048338868159922832e-01,4.298045565296690906e-01
2.879317847504326622e+00,1.010598745074731575e+00,9.026289975993708747e-01
-1.561383170571357892e+00,-2.908814045017350303e+00,3.072729622818380246e+00
-1.687907161951722967e+00,-2.668821462122599186e-01,-1.121192393662188813e+00
-6.394779796411160788e-01,1.873957435898095270e+00,1.028152950873770566e+00
1.713340530007514850e+00,-2.465424192519503954e+00,4.040557751619210158e+00
2.712064349815163311e+00,1.647400642987655317e-01,2.707523518901584492e-01
5.784237771588807142e-01,-5.696593721559941592e-01,4.818230978121644803e-01
8.970057341730228728e-01,2.227957820996789629e+00,3.131591772595689438e+00
1.043615800916996683e+00,2.820591262917016451e+00,4.805430151517634307e+00
1.206733497972120261e+00,1.930324418675859022e+00,2.888390947787717877e+00
-2.729762497086993367e+00,1.036191083985302797e+00,1.500122292982829786e-01
9.285158667234973962e-01,-2.389523694110257779e+00,3.439551116365400674e+00
2.054324976381661116e+00,6.850344234067842208e-01,1.165728454059842267e+00
-2.410031457690402057e+00,5.668027123361012443e-01,-4.428484234260079422e-01
-1.295049100261538300e-01,-1.600238580673167821e+00,1.060245905054379767e+00
-2.881463456521974997e+00,-8.065963128854294339e-01,-9.115581028318039958e-02
7.191064648204568144e-01,-1.024325199076243420e+00,1.024007669884479776e+00
-1.156472084906567055e+00,1.506727452741895235e+00,1.133627746575121553e-01
1.551747885334878063e+00,1.312595012875051204e+00,2.304119825123938980e+00
-2.392908275368867077e+00,9.699574183166070895e-02,-8.537859393702313948e-01
3.467919621913102546e-01,1.468827161642364487e+00,1.471808953804116582e+00
2.419066333565203841e+00,-7.857668037713878562e-01,8.271760833073291685e-01
-4.280191659655230296e-01,1.396604954391779785e+00,4.589866006836833545e-01
9.758185120212430341e-01,3.472194055103483556e-01,7.472143035515752540e-01
-8.991622079822851887e-01,-1.827885920657348784e+00,1.048018091737926483e+00
-1.897155767953416117e+00,-2.510500257300764204e+00,2.279911567286682317e+00
-2.512794900683467336e+00,2.074789341802474318e+00,1.538333762521895132e+00
-6.979635049568555516e-01,-2.635562262309309123e+00,2.931022453478727474e+00
2.378554029211438881e+00,-1.660377153878612955e+00,2.218240051224089626e+00
-1.391253418132292863e+00,-1.833012962733445939e+00,5.258998286201537198e-01
2.805006359296758234e+00,-2.324759482990172543e+00,3.141970677797331746e+00
1.332979452988059421e+00,2.592532458263464790e+00,4.188940531243345866e+00
1.008007771933824515e+00,2.152359656715987057e+00,3.329683668304827648e+00
-1.545317388520489832e+00,1.043567871563150895e+00,-3.071187822546691537e-01
1.205228039800906537e+00,-2.500049239621451314e-01,1.045912601838360212e+00
2.223273723681206349e+00,1.166316601011453180e+00,1.432744008839090366e+00
2.369266746832996873e+00,1.519226119640877393e+00,1.746605296084286385e+00
1.217425278809853850e-01,-7.870704026140984411e-03,6.874725565096626023e-02
-2.776342397996964806e-01,-2.870118822881605247e+00,3.998540730917865549e+00
2.108484000913000145e-01,-4.621605977144165323e-01,1.796195861473299238e-01
-2.054798423384180950e+00,-2.285581809678415510e+00,1.736736612901768728e+00
-3.038887301180315248e-01,-2.760521678722502870e+00,3.161481126866185321e+00
2.919479334602719689e+00,-7.312744121584584533e-01,5.397475814791971027e-01
-7.073448422932107071e-01,-2.693242196779879194e+00,2.769853176433664022e+00
-4.399659962841684369e-01,-2.905527376120549565e+00,3.531508620424667289e+00
-2.819438200003026029e+00,-9.654046010255719068e-01,2.531350856004502825e-01
1.925813686475265740e+00,-2.470735204044212097e-01,1.010230622889704666e+00
-2.910956524764073627e+00,-2.020679809862550691e+00,1.724301094436240023e+00
1.439536331710788097e+00,1.429762422868307681e+00,1.953088926049253438e+00
1.527137438429480021e+00,-8.899837428987886767e-01,1.849289386910954791e+00
-8.863383177661297019e-01,1.812454002233898187e+00,8.289040601115349460e-01
-6.111726870650096011e-01,1.363146030363378891e+00,3.150120877858102464e-01
4.867380532870804188e-01,-8.139499225517448089e-01,9.294635607520270737e-01
-2.519960879969225687e+00,-2.303247741159834661e+00,2.087555094245420406e+00
2.337352339853424610e+00,-2.859569398656907069e-01,9.586752636414802575e-01
2.964027233606612022e+00,-8.166183090389660393e-01,5.655562907331440625e-01
-1.500274171980403581e+00,-8.967640811340737983e-01,-4.432036061576987707e-01
-9.414834182160443099e-01,8.241403897767876074e-01,-3.801623402289007747e-01
-2.923574617896563588e+00,1.579611823602910192e+00,1.160352507784999432e+00
-5.015122488177294890e-01,-4.065648379820885339e-01,-4.066352233193987753e-01
-1.133099092155802623e-01,-3.047253072226903114e-01,-2.213328605630975054e-02
-1.517460563762940140e-02,-9.245741378548517631e-01,3.580375462832436906e-01
-2.799231786583353809e-01,-5.720919859142119535e-01,8.196703470359223420e-03
1.094563078624726238e-01,7.396145091367665181e-01,1.135449526727382863e-01
-1.553756356694850238e+00,5.062289284886656304e-02,-8.533462266045417355e-01
5.677315152654234254e-01,-2.898310112459367538e+00,4.937426646419488918e+00
1.229624319436699587e-01,-1.564240523840516150e+00,1.494429369502242810e+00
-5.727687123321141272e-01,1.959180974144297593e+00,1.356414541798701023e+00
-1.042586419437226741e+00,-1.006984575052678466e-01,-7.575947072498513402e-01
-2.851553078039307465e+00,-1.147494731008677604e+00,2.170661973478208995e-01
8.383265585164916267e-01,-1.109029352643553512e+00,1.525918613151982850e+00
-1.765214962909220420e+00,-1.256065920662099211e+00,-4.121524122137012469e-01
2.726269840853658977e+00,-2.479189066486330972e+00,3.595420758518563797e+00
-2.198534185517124762e-01,-2.649678578048252575e+00,3.398843190131158210e+00
2.319494477329153703e-01,-2.123785578093313475e+00,2.566453358993964429e+00
8.045088314830421972e-01,-1.413615225059272840e+00,1.630227395056693895e+00
1.145492333533574936e+00,-9.171236419876258594e-01,1.483504482061232421e+00
-2.974989068354544131e+00,-1.230631745890530704e+00,2.239403494473055645e-01
-2.508633365693706985e+00,-2.976221046161509065e-02,-4.356461037360551680e-01
-1.266659588075027987e+00,8.399512125727719436e-01,-5.630592269356486934e-01
-3.843154116531799502e-04,-2.783730884424795882e+00,4.084386237556405952e+00
-1.088196596577618802e+00,-6.564485556264543220e-02,-8.436270049219596334e-01
4.332230555058580457e-01,-2.370772236431996749e+00,3.597716807048265686e+00
8.998277425613756542e-01,-9.378139336604340848e-01,1.034603441459571727e+00
-1.902472236277921613e+00,1.831960129674198967e+00,8.544224736211508686e-01
-2.588259678761180904e+00,2.578619120023780908e+00,2.621911621992968122e+00
1.237596960782373579e+00,-1.464538782459081645e-01,9.304479043676223693e-01
-2.933034690695284219e+00,-6.592481337216118398e-01,1.587292417138217726e-01
8.747904811694739990e-01,2.153478588247732972e+00,3.211230264740875029e+00
7.065839646565530430e-01,-6.137554724952885010e-01,1.253495007951528128e+00
-3.158436795311785339e-01,2.239771961119707555e+00,2.127389343923586917e+00
-8.918561429592202217e-01,-2.609054408269157133e+00,2.882544034535356126e+00
-3.439646589004632382e-01,2.990754756058246144e+00,4.084224805950226411e+00
-7.213628239630929251e-01,-1.841671699865545797e+00,8.952886692022096193e-01
-2.729219180413158252e+00,-1.974186704367831835e+00,1.223330894711964545e+00
-1.055613573782881343e+00,4.456700127725499172e-01,-7.383576902153032862e-01
9.935304945377008146e-01,-2.743086454828730147e+00,4.495958439068958867e+00
2.617080619163017374e+00,-1.586169930832488584e+00,1.928261695429694500e+00
-2.105627953989417378e+00,1.849766043737375298e-01,-9.489264393505241202e-01
1.065514914025779802e+00,-1.156483263840612175e+00,1.448444748437916152e+00
1.016647312468139219e+00,-1.234236881911057182e+00,1.682949949296751457e+00
2.413029120967233432e+00,2.284168423027404415e+00,3.618754380635848200e+00
-2.572833739553892940e+00,-2.097584878823762544e+00,1.443614423825101190e+00
1.188352116883320875e+00,-2.999279391066150602e+00,5.629116248779786780e+00
1.930881690160258124e+00,-8.625611252082805436e-01,1.482693656273355032e+00
1.467719368527003354e+00,-2.734576758873030755e+00,4.689458103333645766e+00
-1.744413423611565372e+00,-2.575168922428808571e+00,2.465864374605143627e+00
-1.921057229372884256e+00,-6.934726063512997030e-01,-7.556863753404824413e-01
-5.068913397627738959e-02,2.496548160851553178e+00,3.539986620443925425e+00
7.630441199161701604e-01,1.238878883887690741e+00,1.436116123559375346e+00
-2.507335939964740135e+00,-1.279277471199459226e+00,2.417792911394635313e-01
2.950391477718524058e+00,3.625338098651482710e-01,1.905953780580558754e-01
1.726904600403017298e+00,-2.805105203961560711e+00,4.583456621790816143e+00
-2.495542715200385064e+00,-2.344600811389947026e+00,2.093908693899106055e+00
-2.908284933967348884e+00,2.531873811944002739e+00,3.020403008159783464e+00
-1.478188282961290456e+00,2.979414786789836178e+00,3.742925821300449485e+00
1.428779103254155913e+00,-1.496335259303426701e+00,2.207833521736140003e+00
2.950827814110213332e+00,2.211203145153332272e+00,2.596443152293579359e+00
-2.010011967474095052e+00,-1.888068532447508829e+00,8.893045556939783713e-01
1.081116848803892694e+00,-2.530318526434379045e+00,4.149207655129934835e+00
5.071491743616132197e-01,-2.600382452105707731e+00,3.790888460971365781e+00
-1.672214362386776898e+00,2.690639719953315634e+00,2.761356857057822634e+00
-8.570175903813037621e-03,4.422778170833909783e-01,4.142523943654212726e-01
-1.381900332838389867e+00,-3.596301290345387258e-01,-9.901749708330170874e-01
-2.201985563564551551e+00,9.969786181850182061e-02,-5.608504194826844369e-01
-2.676265243200572463e+00,-2.710503788617981247e+00,3.399965231030299684e+00
1.077886437641685013e+00,-2.670110337136854639e+00,4.553153234274680550e+00
1.277030737146622741e-01,-1.403841035056774489e+00,1.135126207644849172e+00
-1.873836341957605400e+00,4.399133403278820964e-01,-7.901150424449908671e-01
-1.221220215901650752e+00,-2.617057516379679427e-01,-9.487516636483304122e-01
-2.166156967713035453e+00,-2.241085869280663445e+00,2.050660334893199543e+00
-2.360826390870081504e+00,-2.570639325397006125e+00,2.456588680267730140e+00
3.222823122045914701e-01,1.536032948925472041e+00,1.723419739984313637e+00
1.754201233193136922e+00,2.747068848836396349e+00,5.066366386367606722e+00
-1.989645838854746662e+00,-2.186286276666953743e+00,1.411739515806519352e+00
-1.802713241388662624e-01,2.166045154032900655e+00,2.399748689137645385e+00
1.602415643557860925e+00,3.490686493129944168e-01,1.089220881263569529e+00
-2.059300406353579138e+00,-6.524245853656673866e-01,-6.577350124796638164e-01
1.316074659928498924e+00,-7.595238903458279012e-01,1.241258997896382610e+00
-2.765283898340027857e+00,5.033037664392079336e-01,-5.635789012429283096e-01
1.320807478157695947e+00,1.288628949854739858e+00,1.908782257393914827e+00
-2.010804968791630287e+00,-9.840504635763975827e-01,-1.318599719159015971e-01
-5.449662462184816647e-01,-4.771115236372454049e-01,-5.455156079606519048e-01
-2.315049062971934024e+00,-6.868108157918708656e-01,-3.302720409432609028e-01
3.979311926297546265e-02,1.263364032698229167e+00,8.207858791768648521e-01
4.166861330646001171e-01,-5.704166376066055477e-01,3.488820796307939842e-01
2.565584176527203830e+00,5.885013997904287031e-01,9.174257621028529819e-01
2.848745302232478238e+00,2.204258138100839481e+00,3.055263855203623091e+00
1.041756609750686735e+00,2.395880972548233956e+00,3.574564473210834592e+00
2.947438068709956838e+00,-1.674736398215133315e+00,1.638468414142598695e+00
1.146339119422824737e+00,2.512675667154773862e+00,3.780084766036829080e+00
-2.895599039901205707e+00,1.796933979195506126e+00,1.362564252457646230e+00
-2.463582300653954338e+00,2.499325784671280637e+00,2.593283284367456254e+00
6.720802404249197615e-01,-2.027583368600527791e+00,3.028744259230313762e+00
-2.763538994573679464e+00,1.966928902657326894e+00,1.876807127334177761e+00
-2.163048354331263301e+00,2.637248243080930976e+00,2.976353183424023108e+00
-2.454808459798498710e+00,2.027870902759393523e+00,1.316658093324454049e+00
-4.588047406169404319e-01,2.236412084340681616e+00,2.008859716849639820e+00
1.611445450694596104e+00,2.117293694161206830e+00,2.907779146800876013e+00
-1.785474455385549497e-01,1.282609900372193579e+00,5.019126780680565059e-01
-1.087994443857416726e+00,-2.716960393119493222e+00,2.514873456937465779e+00
-1.605599334875706719e+00,-2.991830165368478234e+00,3.549236812089830551e+00
-8.218310640689159285e-01,-3.702697809579724719e-02,-8.711062964824344279e-01
-2.883557474221144723e+00,-2.953621108641319104e+00,3.886473098828053807e+00
1.118781410593835624e+00,-2.397384948769083479e+00,3.702213265099996597e+00
-2.556926962642671164e+00,-2.641094816992151095e-02,-7.885472560742817771e-01
1.308955857484862761e+00,2.862991431797778930e+00,5.126078526027835203e+00
-1.227616199011865916e+00,-2.294892156107360304e+00,1.748465134272540578e+00
-2.588780495760215850e+00,-1.754935820473491948e+00,9.516747564630532175e-01
-2.399672057674749226e+00,-2.979693831594437903e+00,3.617447602103507798e+00
-1.289557847039725536e+00,-2.014758697988924041e+00,8.010255901183550575e-01
-2.890500587429215340e+00,-8.722080993170648888e-01,2.429828773222520999e-01
1.955494721950135073e+00,-1.178030908320476522e+00,1.666534219439542719e+00
1.260598418961505374e+00,1.372409685910759514e+00,1.986890443557367769e+00
-2.846661217823934997e+00,2.770710617604152048e+00,3.486457340027472540e+00
-2.165943642059934504e+00,1.304789935821810687e+00,-2.041223116335030840e-02
-7.233411902848869701e-01,2.209335256490338573e+00,2.067088054779025796e+00
2.969766170542409434e+00,-1.840062195853290783e+00,1.743779688939557371e+00
